<?xml version="1.0" encoding="ISO-8859-1"?>
<metadata>
	<idinfo>
		<citation>
			<citeinfo>
				<origin>OCHA PAKISTAN</origin>
				<pubdate>24 March 2011</pubdate>
				<title>Pak_adm1_pco_20110324</title>
				<geoform>vector digital data</geoform>
				<serinfo>
					<sername>Pakistan Administrative Boundaries (PCO)</sername>
					<issue>V 1.2</issue>
				</serinfo>
				<pubinfo>
					<pubplace>Islamabad</pubplace>
					<publish>OCHA - Pakistan</publish>
				</pubinfo>
				<onlink>http:\\pakresponse.info</onlink>
				<ftname Sync="TRUE">Pak_adm1_pco_20110324</ftname></citeinfo>
		</citation>
		<descript>
			<abstract>Level 1 (Provinces) of Pakistan (Country wide coverage)</abstract>
			<purpose>Create a country wide administrative boundary dataset based on PCO (Population Census Organisation) data.</purpose>
			<supplinf>This dataset fits to GAUL (Global Administrative Unit Layer) level 0 boundaries and holds the PCO (Population Census Organisation) administrative boundaries, level 1</supplinf>
			<langdata Sync="TRUE">en</langdata></descript>
		<timeperd>
			<timeinfo>
				<sngdate>
					<caldate>24 March 2011</caldate>
				</sngdate>
			</timeinfo>
			<current>publication date</current>
		</timeperd>
		<status>
			<progress>In work</progress>
			<update>Continually</update>
		</status>
		<spdom>
			<bounding>
				<westbc>60.878597</westbc>
				<eastbc>79.307352</eastbc>
				<northbc>37.089424</northbc>
				<southbc>23.694683</southbc>
			</bounding>
			<lboundng><leftbc Sync="TRUE">60.878597</leftbc><rightbc Sync="TRUE">79.307352</rightbc><bottombc Sync="TRUE">23.694683</bottombc><topbc Sync="TRUE">37.089424</topbc></lboundng></spdom>
		<keywords>
			<theme>
				<themekt>Level 1</themekt>
				<themekey>Pakistan Administrative Boundary</themekey>
			</theme>
		</keywords>
		<accconst>Not for resale, freely available for the Humanitarian Community</accconst>
		<useconst>
For use by the Humanitarian community.
GAUL, OCHA and PCO  are credited as the source of the data on any maps produced using this data.
</useconst>
		<ptcontac>
			<cntinfo>
				<cntorgp>
					<cntorg>OCHA PAKISTAN</cntorg>
					<cntper>OCHA GIS UNIT</cntper>
				</cntorgp>
				<cntemail>gis.ocha.pk@gmail.com</cntemail>
			</cntinfo>
		</ptcontac>
		<datacred>OCHA (Office for Coordination of Humanitarian Affairs), PCO (Population census Organisation), GAUL (Global Administrative Unit Layer).</datacred>
		<native>Microsoft Windows 7 ; ESRI ArcCatalog 9.3.1.3000</native>
		<natvform Sync="TRUE">Shapefile</natvform></idinfo>
	<dataqual>
		<lineage>
			<srcinfo>
				<srcscale>Variable</srcscale>
				<typesrc>paper</typesrc>
				<srccitea>GAUL, OCHA, PCO</srccitea>
				<srccontr>
Population Census Organistation
Office for Coordination of Humanitarian Affairs - Pakistan
Global Administrative Unit Layer (FAO)
</srccontr>
			</srcinfo>
			<procstep>
				<procdesc>Dataset copied.</procdesc>
				<srcused>D:\GIS\Mauza's\PCO_Admin1_2_3_Boundaries\admin 1 2 3 fitted to GAUL 0\Pak_adm3_pco_coded_20110223_GAP_eliminate</srcused>
				<procdate>20110324</procdate>
				<proctime>09225400</proctime>
			</procstep>
			<procstep>
				<procdesc>Dataset copied.</procdesc>
				<srcused></srcused>
				<procdate>20110301</procdate>
				<proctime>17352200</proctime>
			</procstep>
			<procstep>
				<procdesc>Dataset moved.</procdesc>
				<srcused>C:\PCO\Pakistan_Boundaries\Pak_adm3_pco_coded_FATA_20111</srcused>
				<procdate>20110301</procdate>
				<proctime>18130600</proctime>
			</procstep>
			<procstep>
				<procdesc>Dataset copied.</procdesc>
				<srcused>C:\PCO\Pakistan_Boundaries\Edits\Pak_adm3_pco_coded_FATA_2010203</srcused>
				<procdate>20110303</procdate>
				<proctime>15480900</proctime>
			</procstep>
			<procstep>
				<procdesc>Dataset copied.</procdesc>
				<srcused>C:\PCO\Pakistan_Boundaries\Pak_adm3_pco_coded_FATA_2010203</srcused>
				<procdate>20110304</procdate>
				<proctime>09514300</proctime>
			</procstep>
			<procstep><procdesc Sync="TRUE">Metadata imported.</procdesc><srcused Sync="TRUE">C:\Users\Bernard\AppData\Local\Temp\xml143E.tmp</srcused><procdate Sync="TRUE">20110328</procdate><proctime Sync="TRUE">13050400</proctime></procstep></lineage>
	</dataqual>
	<spdoinfo>
		<direct>Vector</direct>
		<ptvctinf>
			<sdtsterm Name="Pak_adm1_pco_20110324">
				<sdtstype>G-polygon</sdtstype>
				<ptvctcnt>9</ptvctcnt>
			</sdtsterm>
			<esriterm Name="Pak_adm1_pco_20110324"><efeatyp Sync="TRUE">Simple</efeatyp><efeageom Sync="TRUE">Polygon</efeageom><esritopo Sync="TRUE">FALSE</esritopo><efeacnt Sync="TRUE">9</efeacnt><spindex Sync="TRUE">FALSE</spindex><linrefer Sync="TRUE">FALSE</linrefer></esriterm></ptvctinf>
	</spdoinfo>
	<spref>
		<horizsys>
			<geograph>
				<latres>0.000000</latres>
				<longres>0.000000</longres>
				<geogunit>Decimal degrees</geogunit>
			</geograph>
			<geodetic>
				<horizdn>D_WGS_1984</horizdn>
				<ellips>WGS_1984</ellips>
				<semiaxis>6378137.000000</semiaxis>
				<denflat>298.257224</denflat>
			</geodetic>
			<cordsysn><geogcsn Sync="TRUE">GCS_WGS_1984</geogcsn></cordsysn></horizsys>
	</spref>
	<eainfo>
		<detailed Name="Pak_adm1_pco_20110324">
			<enttyp>
				<enttypl>Pak_adm1_pco_20110303</enttypl>
				<enttypt Sync="TRUE">Feature Class</enttypt><enttypc Sync="TRUE">9</enttypc></enttyp>
			<attr>
				<attrlabl>FID</attrlabl>
				<attrdef>Internal feature number.</attrdef>
				<attrdefs>ESRI</attrdefs>
				<attrdomv>
					<udom>Sequential unique whole numbers that are automatically generated.</udom>
				</attrdomv>
				<attalias Sync="TRUE">FID</attalias><attrtype Sync="TRUE">OID</attrtype><attwidth Sync="TRUE">4</attwidth><atprecis Sync="TRUE">0</atprecis><attscale Sync="TRUE">0</attscale></attr>
			<attr>
				<attrlabl>Shape</attrlabl>
				<attrdef>Feature geometry.</attrdef>
				<attrdefs>ESRI</attrdefs>
				<attrdomv>
					<udom>Coordinates defining the features.</udom>
				</attrdomv>
				<attalias Sync="TRUE">Shape</attalias><attrtype Sync="TRUE">Geometry</attrtype><attwidth Sync="TRUE">0</attwidth><atprecis Sync="TRUE">0</atprecis><attscale Sync="TRUE">0</attscale></attr>
			<attr>
				<attrlabl>PROVINCE</attrlabl>
				<attalias Sync="TRUE">PROVINCE</attalias><attrtype Sync="TRUE">String</attrtype><attwidth Sync="TRUE">30</attwidth></attr>
			<attr>
				<attrlabl>PROVINCE_C</attrlabl>
				<attalias Sync="TRUE">PROVINCE_C</attalias><attrtype Sync="TRUE">Number</attrtype><attwidth Sync="TRUE">19</attwidth><atnumdec Sync="TRUE">6</atnumdec></attr>
		</detailed>
	</eainfo>
	<distinfo>
		<distrib>
			<cntinfo>
				<cntorgp>
					<cntorg>OCHA PAKISTAN</cntorg>
					<cntper>GIS UNIT</cntper>
				</cntorgp>
				<cntemail>gis.ocha.pk@gmail.com</cntemail>
			</cntinfo>
		</distrib>
		<resdesc>Downloadable Data</resdesc>
		<stdorder>
			<digform>
				<digtinfo>
					<transize>0.308</transize>
					<dssize Sync="TRUE">0.237</dssize></digtinfo>
			</digform>
		</stdorder>
	</distinfo>
	<metainfo>
		<metd>20110308</metd>
		<metrd>20110307</metrd>
		<metfrd>On Editing</metfrd>
		<metc>
			<cntinfo>
				<cntorgp>
					<cntorg>OCHA Pakistan</cntorg>
					<cntper>OCHA PAKISTAN GIS UNIT</cntper>
				</cntorgp>
				<cntpos>GIS UNIT</cntpos>
				<cntaddr>
					<addrtype>REQUIRED: The mailing and/or physical address for the organization or individual.</addrtype>
					<city>REQUIRED: The city of the address.</city>
					<state>REQUIRED: The state or province of the address.</state>
					<postal>REQUIRED: The ZIP or other postal code of the address.</postal>
				</cntaddr>
				<cntemail>gis.ocha.pk@gmail.com</cntemail>
				<cntvoice>REQUIRED: The telephone number by which individuals can speak to the organization or individual.</cntvoice></cntinfo>
		</metc>
		<metstdn>FGDC Content Standards for Digital Geospatial Metadata</metstdn>
		<metstdv>FGDC-STD-001-1998</metstdv>
		<mettc>local time</mettc>
		<metextns>
			<onlink>http://www.esri.com/metadata/esriprof80.html</onlink>
			<metprof>ESRI Metadata Profile</metprof>
		</metextns>
		<langmeta Sync="TRUE">en</langmeta><metextns><onlink Sync="TRUE">http://www.esri.com/metadata/esriprof80.html</onlink><metprof Sync="TRUE">ESRI Metadata Profile</metprof></metextns></metainfo>
	<Esri><MetaID>{E67FF423-F154-4655-906C-9BB634C6D71F}</MetaID><CreaDate>20110328</CreaDate><CreaTime>13050400</CreaTime><SyncOnce>FALSE</SyncOnce><SyncDate>20110328</SyncDate><SyncTime>13211500</SyncTime><ModDate>20110328</ModDate><ModTime>13211500</ModTime></Esri><dataIdInfo><envirDesc Sync="TRUE">Microsoft Windows Vista Version 6.1 (Build 7600) ; ESRI ArcCatalog 9.3.1.3000</envirDesc><dataLang><languageCode Sync="TRUE" value="en"></languageCode></dataLang><idCitation><resTitle Sync="TRUE">Pak_adm1_pco_20110324</resTitle><presForm><PresFormCd Sync="TRUE" value="005"></PresFormCd></presForm></idCitation><spatRpType><SpatRepTypCd Sync="TRUE" value="001"></SpatRepTypCd></spatRpType><dataExt><geoEle><GeoBndBox esriExtentType="native"><westBL Sync="TRUE">60.878597</westBL><eastBL Sync="TRUE">79.307352</eastBL><northBL Sync="TRUE">37.089424</northBL><southBL Sync="TRUE">23.694683</southBL><exTypeCode Sync="TRUE">1</exTypeCode></GeoBndBox></geoEle></dataExt><geoBox esriExtentType="decdegrees"><westBL Sync="TRUE">60.878597</westBL><eastBL Sync="TRUE">79.307352</eastBL><northBL Sync="TRUE">37.089424</northBL><southBL Sync="TRUE">23.694683</southBL><exTypeCode Sync="TRUE">1</exTypeCode></geoBox></dataIdInfo><mdLang><languageCode Sync="TRUE" value="en"></languageCode></mdLang><mdStanName Sync="TRUE">ISO 19115 Geographic Information - Metadata</mdStanName><mdStanVer Sync="TRUE">DIS_ESRI1.0</mdStanVer><mdChar><CharSetCd Sync="TRUE" value="004"></CharSetCd></mdChar><mdHrLv><ScopeCd Sync="TRUE" value="005"></ScopeCd></mdHrLv><mdHrLvName Sync="TRUE">dataset</mdHrLvName><distInfo><distributor><distorTran><onLineSrc><orDesc Sync="TRUE">002</orDesc><linkage Sync="TRUE">file://\\172.18.155.152\information management\admin1_5_pco_20110303\Pak_adm1_pco_20110324.shp</linkage><protocol Sync="TRUE">Local Area Network</protocol></onLineSrc><transSize Sync="TRUE">0.237</transSize></distorTran><distorFormat><formatName Sync="TRUE">Shapefile</formatName></distorFormat></distributor></distInfo><refSysInfo><RefSystem><refSysID><identCode Sync="TRUE">GCS_WGS_1984</identCode></refSysID></RefSystem></refSysInfo><spatRepInfo><VectSpatRep><topLvl><TopoLevCd Sync="TRUE" value="001"></TopoLevCd></topLvl><geometObjs Name="Pak_adm1_pco_20110324"><geoObjTyp><GeoObjTypCd Sync="TRUE" value="001"></GeoObjTypCd></geoObjTyp><geoObjCnt Sync="TRUE">9</geoObjCnt></geometObjs></VectSpatRep></spatRepInfo><mdDateSt Sync="TRUE">20110328</mdDateSt></metadata>
